
    {
        "line":1,
        "path":[
            [13.851964,100.565349],
            [13.851888,100.565323],
            [13.851513,100.565130],
            [13.851003,100.564858],
            [13.850581,100.564626],
            [13.850095,100.564353],
            [13.849706,100.564154],
            [13.849370,100.563965],
            [13.848869,100.564817],
            [13.848304,100.565793],
            [13.847764,100.566755],
            [13.847468,100.567378],
            [13.847089,100.568145],
            [13.846970,100.568682],
            [13.846762,100.569730],
            [13.846493,100.570920],
            [13.846297,100.571741],
            [13.846123,100.572454],
            [13.846909,100.572468],
            [13.847966,100.572432],
            [13.848808,100.572471],
            [13.850406,100.572481],
            [13.850448,100.571810],
            [13.850492,100.570590],
            [13.850428,100.570466],
            [13.850377,100.569732],
            [13.850354,100.569129],
            [13.850359,100.568620],
            [13.850369,100.568107],
            [13.850401,100.567345],
            [13.850413,100.566628],
            [13.850418,100.566000],
            [13.850416,100.565636],
            [13.851215,100.565633],
            [13.851674,100.565653],
            [13.851746,100.565671],
          
            [13.846098,100.572538],
            [13.845906,100.572546],
            [13.845434,100.572542],
            [13.844918,100.572542],
            [13.844356,100.572542],
            [13.844054,100.572515],
            [13.843697,100.572373],
            [13.843249,100.572086],
            [13.842996,100.571952],
            [13.842653,100.571764],
            [13.842572,100.571804],
            [13.842549,100.571683],
            [13.842640,100.571525],
            [13.843119,100.570688],
            [13.843403,100.570179],
            [13.843502,100.570004],
            [13.843788,100.570203],
            [13.844004,100.570353],
            [13.844220,100.570433],
            [13.844390,100.570436],
            [13.844567,100.570444],
            [13.844991,100.570441],
            [13.845812,100.570441],
            [13.846418,100.570441],
            [13.846585,100.570441],
          
            [13.842556,100.571842],
            [13.842529,100.572039],
            [13.842496,100.572426],
            [13.842449,100.572992],
            [13.842389,100.573773],
            [13.842326,100.574710],
            [13.842313,100.575421],
            [13.842248,100.575990],
            [13.842193,100.576231],
            [13.841993,100.576550]
        ]
    }
