{
    "line":2,
    "path":[
        [13.851573,100.565149],
        [13.851242,100.564985],
        [13.850168,100.564404],
        [13.849388,100.563976],
        [13.848831,100.564888],
        [13.848432,100.565577],
        [13.848047,100.565403],
        [13.847622,100.565149],
        [13.846980,100.564773],
        [13.846841,100.564672],
        [13.846656,100.564686],
        [13.846517,100.564776],
        [13.846287,100.565173],
        [13.846084,100.565542],
        [13.845253,100.566954],
        [13.844765,100.567881],
        [13.843651,100.569890],
        [13.842705,100.571636],
        [13.842610,100.571779],
        [13.842555,100.571865],
        [13.842456,100.572954],
        [13.842380,100.573926],
        [13.842337,100.575149],
        [13.842294,100.575617],
        [13.842200,100.576234],
        [13.842000,100.576564],
        
        [13.842568,100.571867],
        [13.842540,100.571717],
        [13.842932,100.571018],
        [13.843492,100.570011],
        [13.844053,100.570368],
        [13.844232,100.570429],
        [13.845273,100.570452],
        [13.846600,100.570447],
        [13.846406,100.571321],
        [13.846121,100.572456],
        [13.847327,100.572469],
        [13.847956,100.572439],
        [13.850461,100.572484],
        [13.851910,100.572520],
        [13.852459,100.572520],
        [13.852446,100.570932],
        [13.852419,100.569655],
        [13.852473,100.568821],
        [13.852783,100.568013],
        [13.852777,100.567188],
        [13.852738,100.566878],
        [13.852714,100.566792],
        [13.852768,100.566686],
        [13.852711,100.566293],
        [13.852449,100.566113],
        [13.851950,100.565831],
        [13.851721,100.565766],
        [13.851935,100.565360],
        [13.851616,100.565177],
        [13.851572,100.565155]
    ]
}