{
    "line":3,
    "path":[
        [13.854862,100.569335],
        [13.855271,100.567380],
        [13.854887,100.567299],
        [13.854850,100.567335],
        [13.854807,100.567526],
        [13.854765,100.567555],
        [13.853901,100.567372],
        [13.853402,100.567263],
        [13.852867,100.567183],
        [13.852867,100.567986],
        [13.852820,100.568158],
        [13.852551,100.568824],
        [13.852540,100.569213],
        [13.852531,100.569642],
        [13.852519,100.572411],
        [13.852528,100.572501],
        [13.852538,100.572600],
        [13.852189,100.572597],
        [13.851201,100.572595],
        [13.849304,100.572570],
        [13.847955,100.572556],
        [13.846047,100.572543],
        [13.844369,100.572542],
        [13.844143,100.572535],
        [13.844038,100.572512],
        [13.843877,100.572454],
        [13.843726,100.572369],
        [13.843406,100.572178],
        [13.842640,100.571752],
        [13.842562,100.571816],
        [13.842433,100.573266],
        [13.842334,100.574829],
        [13.842330,100.575150],
        [13.842320,100.575427],
        [13.842260,100.575905],
        [13.842204,100.576172],
        [13.842114,100.576375],
        [13.841976,100.576582],
        
        [13.842553,100.571809],
        [13.842546,100.571708],
        [13.842614,100.571583],
        [13.842972,100.570944],
        [13.843772,100.569518],
        [13.845334,100.566646],
        [13.845991,100.565494],
        [13.846433,100.564774],
        [13.846488,100.564698],
        [13.846574,100.564634],
        [13.846679,100.564590],
        [13.846795,100.564590],
        [13.846890,100.564617],
        [13.847027,100.564695],
        [13.847346,100.564894],
        [13.847734,100.565114],
        [13.847957,100.565237],
        [13.848151,100.565344],
        [13.848220,100.565376],
        [13.848300,100.565416],
        [13.848479,100.565489],
        [13.848802,100.565553],
        [13.849791,100.565590],
        [13.850326,100.565631],
        [13.850577,100.565639],
        [13.850984,100.565649],
        [13.851332,100.565651],
        [13.851611,100.565653],
        [13.851761,100.565668],
        [13.851942,100.565741],
        [13.852167,100.565852],
        [13.852434,100.566006],
        [13.852687,100.566153],
        [13.852781,100.566253],
        [13.852847,100.566370],
        [13.852874,100.566534],
        [13.852881,100.566703],
        [13.852912,100.566790],
        [13.852879,100.566873],
        [13.852873,100.567164]
    ]
}