{
    "line":4,
    "path":[
        [13.852552,100.572589],
        [13.852281,100.572598],
        [13.851958,100.572596],
        [13.849664,100.572577],
        [13.849086,100.572564],
        [13.848487,100.572566],
        [13.847961,100.572550],
        [13.846476,100.572545],
        [13.845080,100.572548],
        [13.844739,100.572550],
        [13.844182,100.572534],
        [13.844047,100.572523],
        [13.843895,100.572467],
        [13.843703,100.572357],
        [13.843304,100.572118],
        [13.842888,100.571888],
        [13.842541,100.571392],
        [13.843059,100.570783],
        [13.843494,100.570013],
        [13.843963,100.570327],
        [13.844119,100.570412],
        [13.844247,100.570445],
        [13.845406,100.570450],
        [13.546596,100.570446],
        [13.846570,100.570580],
        [13.847665,100.570577],
        [13.848019,100.570583],
        [13.848269,100.570572],
        [13.849037,100.570540],
        [13.849628,100.570524],
        [13.850506,100.570529],
        [13.851118,100.570516],
        [13.851524,100.570524],
        [13.851790,100.570521],
        [13.852530,100.570524],
        [13.852516,100.571597],
        [13.852530,100.572176],
        [13.852550,100.572568]
    ]
}