{
    "line":5,
    "path":[
        [13.852510,100.572597],
        [13.851585,100.572594],
        [13.850221,100.572581],
        [13.849322,100.572561],
        [13.848356,100.572561],
        [13.848025,100.572548],
        [13.847508,100.572552],
        [13.846109,100.572545],
        [13.845358,100.572546],
        [13.844682,100.572546],
        [13.844382,100.572546],
        [13.844121,100.572526],
        [13.844000,100.572503],
        [13.843895,100.572471],
        [13.843203,100.572070],
        [13.842549,100.571702],
        [13.842600,100.571610],
        [13.843387,100.572066],
        [13.843914,100.572366],
        [13.844037,100.572411],
        [13.844158,100.572442],
        [13.844380,100.572450],
        [13.844774,100.572450],
        [13.845419,100.572450],
        [13.847304,100.572468],
        [13.847730,100.572447],
        [13.847963,100.572447],
        [13.848826,100.572468],
        [13.849271,100.572470],
        [13.849476,100.572456],
        [13.849794,100.572468],
        [13.850164,100.572475],
        [13.850514,100.572493],
        [13.851149,100.572511],
        [13.852550,100.572524],
        [13.852526,100.572724],
        [13.852469,100.573564],
        [13.852481,100.574687],
        [13.852462,100.576350],
        [13.852531,100.576932],
        [13.852576,100.577474],
        [13.852671,100.577662],
        [13.852754,100.578357],
        [13.852785,100.578408],
        [13.852830,100.578412],
        [13.853364,100.578326],
        [13.853524,100.579455],
        [13.853648,100.580534],
        [13.852763,100.580606],
        [13.852370,100.580650]
    ]
}